{
   "name":"Hydra Research FDM Printer Base Description",
   "version":2,
   "inherits":"fdmprinter",
   "metadata":{
      "type":"machine",
      "author":"Ultimaker & Hydra Research",
      "category":"Other",
      "manufacturer":"Unknown",
      "setting_version":17,
      "file_formats":"text/x-gcode;model/stl;application/x-wavefront-obj;application/x3g",
      "visible":false,
      "has_materials":true,
      "preferred_material":"generic_pla",
      "preferred_quality_type":"normal",
      "machine_extruder_trains":{
         "0":"hrfdmextruder"
      },
      "supports_usb_connection":false,
      "supports_network_connection":false,
      "supported_actions":[
         "NautilusConnections"
      ]
   },
   "overrides":{
      "prime_tower_line_width":{
         "label":"Prime Tower Line Width",
         "description":"Width of a single prime tower line.",
         "type":"float",
         "unit":"mm",
         "enabled":"resolveOrValue('prime_tower_enable')",
         "default_value":"machine_nozzle_size",
         "value":"machine_nozzle_size * 0.875",
         "minimum_value":"0.001",
         "minimum_value_warning":"0.1 + 0.4 * machine_nozzle_size",
         "maximum_value_warning":"2 * machine_nozzle_size",
         "settable_per_mesh":false,
         "settable_per_extruder":true
      },
      "xy_offset_layer_0":{
         "label":"Initial Layer Horizontal Expansion",
         "description":"Amount of offset applied to all polygons in the first layer. A negative value can compensate for squishing of the first layer known as \"elephant's foot\".",
         "unit":"mm",
         "type":"float",
         "minimum_value_warning":"-1",
         "maximum_value_warning":"1",
         "default_value":0,
         "value":"xy_offset + (machine_nozzle_size * -.5)",
         "limit_to_extruder":"wall_0_extruder_nr",
         "settable_per_mesh":true
      },
      "top_bottom_pattern":{
         "label":"Top/Bottom Pattern",
         "description":"The pattern of the top/bottom layers.",
         "type":"enum",
         "options":{
            "lines":"Lines",
            "concentric":"Concentric",
            "zigzag":"Zig Zag"
         },
         "default_value":"zigzag",
         "enabled":"top_layers > 0 or bottom_layers > 0",
         "limit_to_extruder":"top_bottom_extruder_nr",
         "settable_per_mesh":true
      },
      "skin_monotonic":{ "default_value":true},
      "skin_outline_count":{
         "label":"Extra Skin Wall Count",
         "description":"Replaces the outermost part of the top/bottom pattern with a number of concentric lines. Using one or two lines improves roofs that start on infill material.",
         "value":"0 if top_bottom_pattern == 'concentric' and top_bottom_pattern_0 == 'concentric' and roofing_layer_count <= 0 else 0",
         "default_value":0,
         "minimum_value":"0",
         "maximum_value_warning":"10",
         "type":"int",
         "enabled":"(top_layers > 0 or bottom_layers > 0) and (top_bottom_pattern != 'concentric' or top_bottom_pattern_0 != 'concentric' or (roofing_layer_count > 0 and roofing_pattern != 'concentric'))",
         "limit_to_extruder":"top_bottom_extruder_nr",
         "settable_per_mesh":true
      },
      "skin_overlap":{
         "label":"Skin Overlap Percentage",
         "description":"Adjust the amount of overlap between the walls and (the endpoints of) the skin-centerlines, as a percentage of the line widths of the skin lines and the innermost wall. A slight overlap allows the walls to connect firmly to the skin. Note that, given an equal skin and wall line-width, any percentage over 50% may already cause any skin to go past the wall, because at that point the position of the nozzle of the skin-extruder may already reach past the middle of the wall.",
         "unit":"%",
         "type":"float",
         "default_value":20,
         "minimum_value_warning":"-50",
         "maximum_value_warning":"100",
         "value":"20 if top_bottom_pattern != 'concentric' else 0",
         "enabled":"(top_layers > 0 or bottom_layers > 0) and top_bottom_pattern != 'concentric'",
         "limit_to_extruder":"top_bottom_extruder_nr",
         "settable_per_mesh":true
      },
      "infill_pattern":{
         "label":"Infill Pattern",
         "description":"The pattern of the infill material of the print. The line and zig zag infill swap direction on alternate layers, reducing material cost. The grid, triangle, tri-hexagon, cubic, octet, quarter cubic, cross and concentric patterns are fully printed every layer. Gyroid, cubic, quarter cubic and octet infill change with every layer to provide a more equal distribution of strength over each direction.",
         "type":"enum",
         "options":{
            "grid":"Grid",
            "lines":"Lines",
            "triangles":"Triangles",
            "trihexagon":"Tri-Hexagon",
            "cubic":"Cubic",
            "cubicsubdiv":"Cubic Subdivision",
            "tetrahedral":"Octet",
            "quarter_cubic":"Quarter Cubic",
            "concentric":"Concentric",
            "zigzag":"Zig Zag",
            "cross":"Cross",
            "cross_3d":"Cross 3D",
            "gyroid":"Gyroid"
         },
         "default_value":"grid",
         "enabled":"infill_sparse_density > 0",
         "value":"'lines' if infill_sparse_density > 55 else infill_pattern_base",
         "limit_to_extruder":"infill_extruder_nr",
         "settable_per_mesh":true
      },
      "infill_overlap": { "value": "25" },
      "infill_sparse_thickness":{
         "label":"Infill Layer Thickness",
         "description":"The thickness per layer of infill material. This value should always be a multiple of the layer height and is otherwise rounded.",
         "unit":"mm",
         "type":"float",
         "default_value":0.1,
         "minimum_value":"resolveOrValue('layer_height') / 2 if infill_line_distance > 0 else -999999",
         "maximum_value_warning":"0.75 * machine_nozzle_size",
         "maximum_value":"resolveOrValue('layer_height') * 8 if infill_line_distance > 0 else 999999",
         "value":"resolveOrValue('layer_height') if not infill_support_layer_height_optimization_enable else resolveOrValue('layer_height') * 2 if 3 > math.floor((machine_nozzle_size * 0.75)/resolveOrValue('layer_height')) > 1.9 else resolveOrValue('layer_height') * 3 if math.floor((machine_nozzle_size * 0.75)/resolveOrValue('layer_height')) > 2.9 else resolveOrValue('layer_height')",
         "enabled":"infill_sparse_density > 0",
         "limit_to_extruder":"infill_extruder_nr",
         "settable_per_mesh":true
      },
      "material_print_temperature":  {"value": "default_material_print_temperature + tool_material_print_temperature_offset"},
      "roofing_material_flow":{
         "label":"Top Surface Skin Flow",
         "description":"Flow compensation on lines of the areas at the top of the print.",
         "unit":"%",
         "type":"float",
         "default_value":100,
         "value":"skin_material_flow - 5",
         "minimum_value":"5",
         "minimum_value_warning":"50",
         "maximum_value_warning":"150",
         "limit_to_extruder":"roofing_extruder_nr",
         "settable_per_mesh":true,
         "enabled":"roofing_layer_count > 0 and top_layers > 0"
      },
      "infill_material_flow":{
         "label":"Infill Flow",
         "description":"Flow compensation on infill lines.",
         "unit":"%",
         "type":"float",
         "default_value":100,
         "value":"material_flow + 5 if infill_sparse_density < 90 else material_flow - 5",
         "minimum_value":"5",
         "minimum_value_warning":"50",
         "maximum_value_warning":"150",
         "enabled":"infill_sparse_density > 0",
         "limit_to_extruder":"infill_extruder_nr",
         "settable_per_mesh":true
      },
      "support_interface_material_flow":{
         "label":"Support Interface Flow",
         "description":"Flow compensation on lines of support roof or floor.",
         "unit":"%",
         "type":"float",
         "default_value":100,
         "value":"material_flow - 0 if layer_height > machine_nozzle_size * 0.38 else material_flow - 0",
         "minimum_value":"5",
         "minimum_value_warning":"50",
         "maximum_value_warning":"150",
         "enabled":"(support_enable or support_meshes_present) and support_interface_enable",
         "limit_to_extruder":"support_interface_extruder_nr",
         "settable_per_mesh":false,
         "settable_per_extruder":true
      },
      "support_roof_material_flow":{
         "label":"Support Roof Flow",
         "description":"Flow compensation on support roof lines.",
         "unit":"%",
         "type":"float",
         "default_value":100,
         "value":"extruderValue(support_roof_extruder_nr, 'support_interface_material_flow')",
         "minimum_value":"5",
         "minimum_value_warning":"50",
         "maximum_value_warning":"150",
         "enabled":"(support_enable or support_meshes_present) and support_roof_enable",
         "limit_to_extruder":"support_roof_extruder_nr",
         "settable_per_mesh":false,
         "settable_per_extruder":true
      },
      "support_bottom_material_flow":{
         "label":"Support Floor Flow",
         "description":"Flow compensation on support floor lines.",
         "unit":"%",
         "type":"float",
         "default_value":100,
         "value":"extruderValue(support_bottom_extruder_nr, 'support_interface_material_flow')",
         "minimum_value":"5",
         "minimum_value_warning":"50",
         "maximum_value_warning":"150",
         "enabled":"(support_enable or support_meshes_present) and support_bottom_enable",
         "limit_to_extruder":"support_bottom_extruder_nr",
         "settable_per_mesh":false,
         "settable_per_extruder":true
      },
      "material_flow_layer_0":{
         "label":"Initial Layer Flow",
         "description":"Flow compensation for the first layer: the amount of material extruded on the initial layer is multiplied by this value.",
         "unit":"%",
         "default_value":100,
         "value":"material_flow",
         "type":"float",
         "minimum_value":"0.0001",
         "minimum_value_warning":"50",
         "maximum_value_warning":"150",
         "settable_per_mesh":true
      },
      "speed_prime_tower":{
         "label":"Prime Tower Speed",
         "description":"The speed at which the prime tower is printed. Printing the prime tower slower can make it more stable when the adhesion between the different filaments is suboptimal.",
         "type":"float",
         "unit":"mm/s",
         "enabled":"resolveOrValue('prime_tower_enable')",
         "default_value":60,
         "value":"speed_wall_0",
         "minimum_value":"0.1",
         "maximum_value":"math.sqrt(machine_max_feedrate_x ** 2 + machine_max_feedrate_y ** 2)",
         "maximum_value_warning":"150",
         "settable_per_mesh":false,
         "settable_per_extruder":true
      },
      "cool_fan_speed_max":{
         "label":"Maximum Fan Speed",
         "description":"The speed at which the fans spin on the minimum layer time. The fan speed gradually increases between the regular fan speed and maximum fan speed when the threshold is hit.",
         "unit":"%",
         "type":"float",
         "minimum_value":"max(0, cool_fan_speed_min)",
         "maximum_value":"100",
         "default_value":100,
         "enabled":"cool_fan_enabled",
         "value":"cool_fan_speed + 15 if cool_fan_speed < 85 else 100",
         "settable_per_mesh":false,
         "settable_per_extruder":true
      },
      "cool_min_layer_time":{
         "label":"Minimum Layer Time",
         "description":"The minimum time spent in a layer. This forces the printer to slow down, to at least spend the time set here in one layer. This allows the printed material to cool down properly before printing the next layer. Layers may still take shorter than the minimal layer time if Lift Head is disabled and if the Minimum Speed would otherwise be violated.",
         "unit":"s",
         "type":"float",
         "default_value":20,
         "value":20,
         "minimum_value":"0",
         "maximum_value_warning":"600",
         "settable_per_mesh":false,
         "settable_per_extruder":true
      },
      "skirt_gap":{ "value": "line_width * 5" },
      "support_brim_width":{
         "label":"Support Brim Width",
         "description":"The width of the brim to print underneath the support. A larger brim enhances adhesion to the build plate, at the cost of some extra material.",
         "type":"float",
         "unit":"mm",
         "default_value":8.0,
         "minimum_value":"0.0",
         "maximum_value_warning":"50.0",
         "enabled":"(support_enable or support_meshes_present) and support_brim_enable",
         "value":"skirt_brim_line_width * 2",
         "settable_per_mesh":false,
         "settable_per_extruder":true,
         "limit_to_extruder":"support_infill_extruder_nr"
      },
      "support_z_distance":{
         "label":"Support Z Distance",
         "description":"Distance from the top/bottom of the support structure to the print. This gap provides clearance to remove the supports after the model is printed. This value is rounded up to a multiple of the layer height.",
         "unit":"mm",
         "type":"float",
         "minimum_value":"0",
         "maximum_value_warning":"machine_nozzle_size",
         "default_value":0.2,
         "value":"(2 * layer_height) if (layer_height/machine_nozzle_size < (support_z_distance_ratio/100)) else layer_height",
         "limit_to_extruder":"support_interface_extruder_nr if support_interface_enable else support_infill_extruder_nr",
         "enabled":"support_enable or support_meshes_present",
         "settable_per_mesh":true
      },
      "support_xy_distance":{
         "label":"Support X/Y Distance",
         "description":"Distance of the support structure from the print in the X/Y directions.",
         "unit":"mm",
         "type":"float",
         "minimum_value":"0",
         "maximum_value_warning":"1.5 * machine_nozzle_tip_outer_diameter",
         "default_value":0.7,
         "value":"line_width",
         "limit_to_extruder":"support_infill_extruder_nr",
         "enabled":"support_enable or support_meshes_present",
         "settable_per_mesh":true
      },
      "support_xy_distance_overhang":{
         "label":"Minimum Support X/Y Distance",
         "description":"Distance of the support structure from the overhang in the X/Y directions.",
         "unit":"mm",
         "type":"float",
         "minimum_value":"0",
         "minimum_value_warning":"support_xy_distance - support_line_width * 2",
         "maximum_value_warning":"support_xy_distance",
         "default_value":0.2,
         "value":"wall_line_width_0",
         "limit_to_extruder":"support_infill_extruder_nr",
         "enabled":"(support_enable or support_meshes_present) and support_xy_overrides_z == 'z_overrides_xy'",
         "settable_per_mesh":true
      },
      "support_offset":{
         "label":"Support Horizontal Expansion",
         "description":"Amount of offset applied to all support polygons in each layer. Positive values can smooth out the support areas and result in more sturdy support.",
         "unit":"mm",
         "type":"float",
         "default_value":0,
         "limit_to_extruder":"support_infill_extruder_nr",
         "minimum_value_warning":"-1 * machine_nozzle_size",
         "maximum_value_warning":"10 * machine_nozzle_size",
         "value":"line_width",
         "enabled":"(support_enable and support_structure == 'normal') or support_meshes_present",
         "settable_per_mesh":false,
         "settable_per_extruder":true
      },
      "support_infill_sparse_thickness":{
         "label":"Support Infill Layer Thickness",
         "description":"The thickness per layer of support infill material. This value should always be a multiple of the layer height and is otherwise rounded.",
         "unit":"mm",
         "type":"float",
         "default_value":0.1,
         "minimum_value":"resolveOrValue('layer_height')",
         "maximum_value_warning":"0.75 * machine_nozzle_size",
         "maximum_value":"resolveOrValue('layer_height') * 8",
         "value":"resolveOrValue('layer_height') if not infill_support_layer_height_optimization_enable else resolveOrValue('layer_height') * 2 if 2.9 > math.floor((machine_nozzle_size * 0.75)/resolveOrValue('layer_height')) > 1.9 else resolveOrValue('layer_height') * 3 if math.floor((machine_nozzle_size * 0.75)/resolveOrValue('layer_height')) > 2.9 else resolveOrValue('layer_height')",
         "enabled":"(support_enable or support_meshes_present) and support_infill_rate > 0",
         "limit_to_extruder":"support_infill_extruder_nr",
         "settable_per_mesh":false,
         "settable_per_extruder":true
      },
      "gradual_support_infill_step_height":{
         "label":"Gradual Support Infill Step Height",
         "description":"The height of support infill of a given density before switching to half the density.",
         "unit":"mm",
         "type":"float",
         "default_value":1,
         "minimum_value":"0.0001",
         "minimum_value_warning":"3 * resolveOrValue('layer_height')",
         "value":"layer_height * 3",
         "enabled":"(support_enable or support_meshes_present) and support_infill_rate > 0 and gradual_support_infill_steps > 0",
         "limit_to_extruder":"support_infill_extruder_nr",
         "settable_per_mesh":false,
         "settable_per_extruder":true
      },
      "minimum_support_area":{
         "label":"Minimum Support Area",
         "description":"Minimum area size for support polygons. Polygons which have an area smaller than this value will not be generated.",
         "unit":"mm²",
         "type":"float",
         "default_value":0.0,
         "minimum_value":"0",
         "maximum_value_warning":"5",
         "enabled":"support_enable and support_structure == 'normal'",
         "value":"20 * machine_nozzle_size",
         "limit_to_extruder":"support_infill_extruder_nr",
         "settable_per_mesh":true
      },
      "support_interface_height":{
         "label":"Support Interface Thickness",
         "description":"The thickness of the interface of the support where it touches with the model on the bottom or the top.",
         "unit":"mm",
         "type":"float",
         "default_value":1,
         "value":"machine_nozzle_size * 1.5",
         "minimum_value":"0",
         "minimum_value_warning":"layer_height * 2",
         "maximum_value_warning":"10",
         "limit_to_extruder":"support_interface_extruder_nr",
         "enabled":"support_interface_enable and (support_enable or support_meshes_present)",
         "settable_per_mesh":true
      },
      "support_roof_height":{
         "label":"Support Roof Thickness",
         "description":"The thickness of the support roofs. This controls the amount of dense layers at the top of the support on which the model rests.",
         "unit":"mm",
         "type":"float",
         "default_value":1,
         "minimum_value":"0",
         "minimum_value_warning":"layer_height * 2",
         "maximum_value_warning":"10",
         "value":"extruderValue(support_roof_extruder_nr, 'support_interface_height')",
         "limit_to_extruder":"support_roof_extruder_nr",
         "enabled":"support_roof_enable and (support_enable or support_meshes_present)",
         "settable_per_mesh":true
      },
      "support_bottom_height":{
         "label":"Support Floor Thickness",
         "description":"The thickness of the support floors. This controls the number of dense layers that are printed on top of places of a model on which support rests.",
         "unit":"mm",
         "type":"float",
         "default_value":1,
         "value":"extruderValue(support_bottom_extruder_nr, 'layer_height') * 2",
         "minimum_value":"0",
         "minimum_value_warning":"min(layer_height, support_bottom_stair_step_height)",
         "maximum_value_warning":"10",
         "limit_to_extruder":"support_bottom_extruder_nr",
         "enabled":"support_bottom_enable and (support_enable or support_meshes_present)",
         "settable_per_mesh":true
      },
      "support_interface_density":{
         "label":"Support Interface Density",
         "description":"Adjusts the density of the roofs and floors of the support structure. A higher value results in better overhangs, but the supports are harder to remove.",
         "unit":"%",
         "type":"float",
         "default_value":50,
         "minimum_value":"0",
         "maximum_value_warning":"100",
         "limit_to_extruder":"support_interface_extruder_nr",
         "enabled":"support_interface_enable and (support_enable or support_meshes_present)",
         "settable_per_mesh":false,
         "settable_per_extruder":true
      },
      "support_bottom_density":{
         "label":"Support Floor Density",
         "description":"The density of the floors of the support structure. A higher value results in better adhesion of the support on top of the model.",
         "unit":"%",
         "type":"float",
         "default_value":100,
         "minimum_value":"0",
         "maximum_value":"100",
         "limit_to_extruder":"support_bottom_extruder_nr",
         "enabled":"support_bottom_enable and (support_enable or support_meshes_present)",
         "value":"extruderValue(support_bottom_extruder_nr, 'support_interface_density') / 2 if support_interface_density / 2 > support_infill_rate else support_infill_rate",
         "settable_per_mesh":false,
         "settable_per_extruder":true
      },
      "minimum_interface_area":{
         "label":"Minimum Support Interface Area",
         "description":"Minimum area size for support interface polygons. Polygons which have an area smaller than this value will be printed as normal support.",
         "unit":"mm²",
         "type":"float",
         "default_value":1.0,
         "value":"minimum_support_area",
         "minimum_value":"0",
         "minimum_value_warning":"minimum_support_area",
         "limit_to_extruder":"support_interface_extruder_nr",
         "enabled":"support_interface_enable and (support_enable or support_meshes_present)",
         "settable_per_mesh":true
      },
      "support_interface_offset":{
         "label":"Support Interface Horizontal Expansion",
         "description":"Amount of offset applied to the support interface polygons.",
         "unit":"mm",
         "type":"float",
         "default_value":0.0,
         "value":"support_offset",
         "maximum_value":"extruderValue(support_extruder_nr, 'support_offset')",
         "limit_to_extruder":"support_interface_extruder_nr",
         "enabled":"support_interface_enable and (support_enable or support_meshes_present)",
         "settable_per_mesh":false,
         "settable_per_extruder":true
      },
      "prime_tower_size":{
         "label":"Prime Tower Size",
         "description":"The width of the prime tower.",
         "type":"float",
         "unit":"mm",
         "enabled":"resolveOrValue('prime_tower_enable')",
         "default_value":15,
         "resolve":"max(extruderValues('prime_tower_size'))",
         "minimum_value":"0",
         "maximum_value":"min(0.5 * machine_width, 0.5 * machine_depth)",
         "minimum_value_warning":"max(extruderValues('prime_tower_line_width')) * 2",
         "maximum_value_warning":"42",
         "settable_per_mesh":false,
         "settable_per_extruder":false
      },
      "prime_tower_min_volume":{
         "label":"Prime Tower Minimum Volume",
         "description":"The minimum volume for each layer of the prime tower in order to purge enough material.",
         "unit":"mm³",
         "type":"float",
         "default_value":6,
         "value":"(2 * 3.14 * (prime_tower_size - (2 * prime_tower_line_width)) * prime_tower_line_width * layer_height) if (2 * 3.14 * (prime_tower_size - (2 * prime_tower_line_width)) * prime_tower_line_width * layer_height) > 6 else 6 ",
         "minimum_value":"0",
         "maximum_value_warning":"(resolveOrValue('prime_tower_size') * 0.5) ** 2 * 3.14159 * resolveOrValue('layer_height') - sum(extruderValues('prime_tower_min_volume')) + prime_tower_min_volume",
         "enabled":"resolveOrValue('prime_tower_enable')",
         "settable_per_mesh":false,
         "settable_per_extruder":true
      },
      "switch_extruder_retraction_speeds":{
         "label":"Nozzle Switch Retraction Speed",
         "description":"The speed at which the filament is retracted. A higher retraction speed works better, but a very high retraction speed can lead to filament grinding.",
         "type":"float",
         "unit":"mm/s",
         "enabled":"retraction_enable and extruders_enabled_count > 1",
         "default_value":20,
         "value":"retraction_speed",
         "minimum_value":"0.1",
         "minimum_value_warning":"1",
         "maximum_value":"machine_max_feedrate_e if retraction_enable else float('inf')",
         "maximum_value_warning":"70",
         "settable_per_mesh":false,
         "settable_per_extruder":true
      },
      "switch_extruder_extra_prime_amount":{
         "label":"Nozzle Switch Extra Prime Amount",
         "description":"Extra material to prime after nozzle switching.",
         "type":"float",
         "unit":"mm³",
         "default_value":0,
         "value":"0.5",
         "minimum_value_warning":"0",
         "maximum_value_warning":"100",
         "enabled":"retraction_enable and extruders_enabled_count > 1",
         "settable_per_mesh":false,
         "settable_per_extruder":true
      },
      "support_skip_some_zags":{
         "label":"Break Up Support In Chunks",
         "description":"Skip some support line connections to make the support structure easier to break away. This setting is applicable to the Zig Zag support infill pattern.",
         "type":"bool",
         "default_value":true,
         "enabled":"(support_enable  or support_meshes_present) and support_pattern == 'zigzag'",
         "limit_to_extruder":"support_infill_extruder_nr",
         "settable_per_mesh":false,
         "settable_per_extruder":true
      },
      "support_conical_angle":{
         "label":"Conical Support Angle",
         "description":"The angle of the tilt of conical support. With 0 degrees being vertical, and 90 degrees being horizontal. Smaller angles cause the support to be more sturdy, but consist of more material. Negative angles cause the base of the support to be wider than the top.",
         "unit":"°",
         "type":"float",
         "minimum_value":"-90",
         "minimum_value_warning":"-45",
         "maximum_value_warning":"45",
         "maximum_value":"90",
         "default_value":20,
         "enabled":"support_conical_enabled and support_enable and support_structure != 'tree'",
         "limit_to_extruder":"support_infill_extruder_nr",
         "settable_per_mesh":true
      },
      "bridge_settings_enabled":{
         "label":"Enable Bridge Settings",
         "description":"Detect bridges and modify print speed, flow and fan settings while bridges are printed.",
         "type":"bool",
         "default_value":true,
         "resolve":"any(extruderValues('bridge_settings_enabled'))",
         "settable_per_mesh":true,
         "settable_per_extruder":false,
         "settable_per_meshgroup":false
      },
      "bridge_wall_min_length":{
         "label":"Minimum Bridge Wall Length",
         "description":"Unsupported walls shorter than this will be printed using the normal wall settings. Longer unsupported walls will be printed using the bridge wall settings.",
         "unit":"mm",
         "type":"float",
         "minimum_value":"0",
         "default_value":3,
         "enabled":"bridge_settings_enabled",
         "settable_per_mesh":true,
         "settable_per_extruder":false
      },
      "bridge_skin_support_threshold":{
         "label":"Bridge Skin Support Threshold",
         "description":"If a skin region is supported for less than this percentage of its area, print it using the bridge settings. Otherwise it is printed using the normal skin settings.",
         "unit":"%",
         "default_value":95,
         "type":"float",
         "minimum_value":"0",
         "maximum_value":"100",
         "enabled":"bridge_settings_enabled",
         "settable_per_mesh":true
      },
      "bridge_sparse_infill_max_density":{
         "label":"Bridge Sparse Infill Max Density",
         "description":"Maximum density of infill considered to be sparse. Skin over sparse infill is considered to be unsupported and so may be treated as a bridge skin.",
         "unit":"%",
         "type":"float",
         "default_value":20,
         "minimum_value":"0",
         "enabled":"bridge_settings_enabled",
         "settable_per_mesh":true
      },
      "bridge_wall_coast":{
         "label":"Bridge Wall Coasting",
         "description":"This controls the distance the extruder should coast immediately before a bridge wall begins. Coasting before the bridge starts can reduce the pressure in the nozzle and may produce a flatter bridge.",
         "unit":"%",
         "default_value":0,
         "type":"float",
         "minimum_value":"0",
         "maximum_value":"500",
         "enabled":"bridge_settings_enabled",
         "settable_per_mesh":true
      },
      "bridge_wall_material_flow":{
         "label":"Bridge Wall Flow",
         "description":"When printing bridge walls, the amount of material extruded is multiplied by this value.",
         "unit":"%",
         "default_value":95,
         "value":"bridge_skin_material_flow",
         "type":"float",
         "minimum_value":"5",
         "minimum_value_warning":"50",
         "maximum_value_warning":"150",
         "enabled":"bridge_settings_enabled",
         "settable_per_mesh":true
      },
      "bridge_skin_material_flow":{
         "label":"Bridge Skin Flow",
         "description":"When printing bridge skin regions, the amount of material extruded is multiplied by this value.",
         "unit":"%",
         "default_value":95,
         "type":"float",
         "minimum_value":"5",
         "minimum_value_warning":"50",
         "maximum_value_warning":"150",
         "enabled":"bridge_settings_enabled",
         "settable_per_mesh":true
      },
      "bridge_skin_density_2":{
         "label":"Bridge Second Skin Density",
         "description":"The density of the second bridge skin layer. Values less than 100 will increase the gaps between the skin lines.",
         "unit":"%",
         "default_value":100,
         "type":"float",
         "minimum_value":"5",
         "maximum_value":"100",
         "minimum_value_warning":"20",
         "enabled":"bridge_settings_enabled and bridge_enable_more_layers",
         "settable_per_mesh":true
      },
      "bridge_skin_material_flow_3":{
         "label":"Bridge Third Skin Flow",
         "description":"When printing the third bridge skin layer, the amount of material extruded is multiplied by this value.",
         "unit":"%",
         "default_value":100,
         "type":"float",
         "minimum_value":"5",
         "maximum_value":"500",
         "minimum_value_warning":"50",
         "maximum_value_warning":"150",
         "enabled":"bridge_settings_enabled and bridge_enable_more_layers",
         "settable_per_mesh":true
      },
      "bridge_skin_density_3":{
         "label":"Bridge Third Skin Density",
         "description":"The density of the third bridge skin layer. Values less than 100 will increase the gaps between the skin lines.",
         "unit":"%",
         "default_value":100,
         "type":"float",
         "minimum_value":"5",
         "maximum_value":"100",
         "minimum_value_warning":"20",
         "enabled":"bridge_settings_enabled and bridge_enable_more_layers",
         "settable_per_mesh":true
      }
   },
   "settings":{
      "resolution":{
         "children":{
            "infill_support_layer_height_optimization_enable":{
               "label":"Optimize Infill/Support Layer Height",
               "description":"Enableling this generates infill and support infill at 2-3 times the layer hieght if possible. This can significantly decrease print times for low layer height jobs.",
               "type":"bool",
               "default_value":true,
               "settable_per_mesh":false,
               "settable_per_extruder":true
            }
         }
      },
      "infill":{
         "children":{
            "infill_pattern_base":{
               "label":"Infill Pattern Base",
               "description":"The infill pattern to be used if infill percentage less than 65%",
               "type":"enum",
               "options":{
                  "grid":"Grid",
                  "lines":"Lines",
                  "triangles":"Triangles",
                  "trihexagon":"Tri-Hexagon",
                  "cubic":"Cubic",
                  "cubicsubdiv":"Cubic Subdivision",
                  "tetrahedral":"Octet",
                  "quarter_cubic":"Quarter Cubic",
                  "concentric":"Concentric",
                  "zigzag":"Zig Zag",
                  "cross":"Cross",
                  "cross_3d":"Cross 3D",
                  "gyroid":"Gyroid"
               },
               "default_value":"trihexagon",
               "enabled":"infill_sparse_density > 0",
               "limit_to_extruder":"infill_extruder_nr",
               "settable_per_mesh":true
            }
         }
      },
      "material":{
         "children":{
           "tool_material_print_temperature_offset":{
               "label": "Tool Printing Temperature Offset",
               "description": "The printing tmeperature offset from the defualt printing tempertaure to compensate for the nozzle material of the tool",
               "unit": "°C",
               "type": "float",
               "default_value": 0,
               "minimum_value_warning": "-15",
               "maximum_value_warning": "15",
               "minimum_value": "-20",
               "maximum_value": "20",
               "enabled": true,
               "settable_per_extruder": true,
               "settable_per_mesh": false
           },
            "material_bed_probe_temperature":{
               "label":"Heat Bed Probing Temperature",
               "description":"A temperature close to the bed temperature during printing to account for thermal expansion of the bed when probing.",
               "unit":"°C",
               "minimum_value":"0",
               "type":"float",
               "maximum_value":"125",
               "minimum_value":"0",
               "minimum_value_warning":"30",
               "maximum_value_warning":"125",
               "default_value":50,
               "value":"math.ceil(material_bed_temperature_layer_0)",
               "settable_per_mesh":false,
               "settable_per_extruder":false
            },
            "part_removal_temperature_enable":{
               "label":"Part Removal Temperature Enable",
               "description":"Enable or disbale material part removale temperature notifactions at the end of a print job.",
               "type":"enum",
               "options":{
                  " ":"Enable",
                  ";":"Disable"
               },
               "default_value":" ",
               "settable_per_mesh":false,
               "settable_per_extruder":false,
               "children":{
                  "material_part_removal_temperature":{
                     "label":"Part Removal Temperature",
                     "description":"The ideal bed temperature to remove the part after printing.",
                     "unit":"°C",
                     "minimum_value":"0",
                     "type":"float",
                     "maximum_value":"110",
                     "minimum_value":"0",
                     "minimum_value_warning":"20",
                     "maximum_value_warning":"80",
                     "default_value":50,
                     "value":"math.ceil(material_bed_temperature if material_bed_temperature < 50 else 50)",
                     "enabled":"part_removal_temperature_enable != \";\"",
                     "settable_per_mesh":false,
                     "settable_per_extruder":false
                  }
               }
            },
            "speed_volumetric_max":{
               "label":"Maximum Volumetric Speed",
               "description":"Maximum volumetric speed allowed for this material. Limits the maximum printing speed to the maximum material volumetric speed.",
               "unit":"mm³/s",
               "type":"float",
               "minimum_value":"0.1",
               "maximum_value_warning":"25",
               "maximum_value":"math.sqrt(machine_max_feedrate_x ** 2 + machine_max_feedrate_y ** 2)",
               "default_value":15,
               "settable_per_mesh":true
            },
            "speed_volumetric_min":{
               "label":"Minimum Volumetric Speed",
               "description":"Minimum volumetric speed allowed for this material. Limits the minimum printing speed to the minimum material volumetric speed.",
               "unit":"mm³/s",
               "type":"float",
               "minimum_value":"0",
               "maximum_value_warning":"25",
               "maximum_value":"math.sqrt(machine_max_feedrate_x ** 2 + machine_max_feedrate_y ** 2)",
               "default_value":0.1,
               "settable_per_mesh":true
            },
            "pressure_advance_value":{
               "label":"Pressure Advance Value",
               "description":"Pressure advance aims to compensate for the elasticity of the filament and the extruder system. Every material will require a slightly different value. Values between 0.01 and 0.1 are recommended for most rigid materials, try a higher value for flexible materials. Calibrated for 0.4mm diameter nozzle and 0.2mm layers",
               "unit":"",
               "type":"float",
               "default_value":0.05,
               "minimum_value_warning":".01",
               "maximum_value_warning":"1.2",
               "settable_per_extruder":true,
               "settable_per_mesh":false,
               "minimum_value":"0",
               "children":{
                  "pressure_advance_value_calculated":{
                     "label":"Pressure Advance Calculated Value",
                     "description":"Pressure advance calculated value aims to volumetrically calculate pressure advance values based on layer height and nozzle diameter. This assumes that the Pressure Advance Value is calibrated for 0.4mm diameter nozzle and 0.2mm layers.",
                     "unit":"",
                     "type":"float",
                     "default_value":0.05,
                     "value":"round(pressure_advance_value * math.sqrt( 0.18 / ((machine_nozzle_size * layer_height) + 0.1)), 3)",
                     "minimum_value_warning":"0",
                     "maximum_value_warning":"2",
                     "settable_per_extruder":true,
                     "settable_per_mesh":false,
                     "minimum_value":"0"
                  }
               }
            },
            "material_name":{
               "label":"Material Name",
               "description":"Name of material, used for gcode output metadata",
               "unit":"",
               "type":"str",
               "default_value":"Unknown",
               "settable_per_extruder":true,
               "settable_per_mesh":false
            },
            "material_print_surface":{
               "label":"Recommended Print Surface",
               "description":"Recommended Print Surface for this material. Used for gcode output metadata.",
               "type":"str",
               "default_value":"Unknown",
               "settable_per_mesh":false
            }
         }
      },
      "speed":{
         "children":{
            "speed_print_max":{
               "label":"Maximum Print Speed",
               "description":"Maximum allowed print speed. This is overriden if Maximum Volumetric Speed is lower than the Maximum Print Speed.",
               "unit":"mm/s",
               "type":"float",
               "minimum_value":"0.1",
               "maximum_value_warning":"205",
               "default_value":125,
               "settable_per_mesh":false
            },
            "speed_print_factor":{
               "label":"Print Speed Factor",
               "description":"This factor adjusts the defualt print speed (all speeds except perimeter speeds). 1 = default speeds. ",
               "unit":"",
               "type":"float",
               "minimum_value":"0.5",
               "minimum_value_warning":"0.6",
               "maximum_value":"1.5",
               "maximum_value_warning":"1.4",
               "default_value":1,
               "settable_per_mesh":false
            },
            "speed_perimeter_factor":{
               "label":"Perimeter Speed Factor",
               "description":"This factor adjusts the defualt perimeter print speed. 1 = default speeds. ",
               "unit":"",
               "type":"float",
               "minimum_value":"0.5",
               "minimum_value_warning":"0.6",
               "maximum_value":"1.5",
               "maximum_value_warning":"1.4",
               "default_value":1,
               "settable_per_mesh":false
            }
         }
      },
      "support":{
          "children":{
            "support_z_distance":{
              "children":{
                "support_z_distance_ratio":{
                   "label":"Support Z Distance Ratio",
                   "description":"The ratio between layer height and nozzle diameter expressed as a percentage below which the support z distance will be increased to double the layer height rather than just the layer height",
                   "unit":"%",
                   "minimum_value":"0",
                   "maximum_value_warning":"100",
                   "default_value":37,
                   "type":"float",
                   "enabled":"support_enable or support_meshes_present",
                   "limit_to_extruder":"support_roof_extruder_nr if support_roof_enable else support_infill_extruder_nr",
                   "settable_per_mesh":true
                }
              }
            }
         }
       }
   }
}
